1	deep learn
2	artifici intellig
3	inform retriev
4	machin learn
5	question answer
6	noun phrase
7	penn treebank
8	speech recognit
9	data mine
10	comput vision
11	reinforc learn
12	natur languag
13	autoencod
14	ontolog
15	sentiment analysi
16	sap
17	lstm
18	natur languag process
19	semant web
20	mooc
21	human comput interact
22	eye movement cluster
23	semant relat
24	effici estim word represent vector space
25	big data
26	audio visual fusion
27	object detect
28	gfdm
29	neural network
30	gener extrem valu
31	inform geometri
32	imag panorama video
33	data scienc
34	semant par
35	augment realiti
36	imbalanc data
37	recommend system
38	invers reinforc learn mixtur
39	transfer learn
40	cnn
41	dynam program segment
42	natur languag interfac
43	genet algorithm
44	prolog
45	contact predict
46	wifi malwar
47	nsdi machin learn
48	forens machin learn
49	word speech
50	inform theori
51	morpholog morpholog
52	categori theori
53	graph theori
54	smart thermostat
55	exploit vulner
56	reinforc learn video game
57	system health manag
58	spatial multi agent system
59	servic composit
60	mobil payment
61	3 axi gantri
62	softmax categor
63	cost aggreg
64	chine dialect
65	depth camera
66	mobil tcp traffic analysi
67	collect learn
68	robust product plan
69	memori hierarchi
70	hash
71	compar corpus
72	knowledg graph
73	social medium
74	deep learn surveil
75	cryptographi
76	parametr max flow
77	deep reinforc learn
78	vari weight grasp
79	dirichlet process
80	word embed
81	graph draw
82	robust princip compon analysi
83	differenti evolut
84	seq2seq
85	document logic structur
86	dualiti
87	variabl neighborhood search
88	urban public transport system
89	edx coursera
90	fdir
91	cryptographi key manag
92	ontolog construct
93	go game
94	person trait
95	spar learn
96	direct hypergraph
97	inventori manag
98	clojur
99	ontolog semant web
100	convolut neural network time seri
